{
  "target": "tycho",
  "target_lat_lon_deg": [
    -43.31,
    -11.36
  ],
  "wac": {
    "zoom": 8,
    "tile_radius": 2,
    "mosaic_shape": [
      1280,
      1280
    ],
    "bbox_lat": [
      -45.0,
      -41.484375
    ],
    "bbox_lon": [
      -13.359375,
      -9.84375
    ],
    "px_to_m": 71.97807047501055
  },
  "ldem": {
    "ppd": 64,
    "cropped_shape": [
      225,
      225
    ],
    "raw_elevation_range_m": [
      -3532.0,
      1802.0
    ],
    "relief_after_resample_m": 5330.9912109375
  },
  "rover_intrinsics": {
    "fx": 520.0,
    "fy": 520.0,
    "cx": 320.0,
    "cy": 240.0,
    "width": 640,
    "height": 480
  },
  "rover_truth": {
    "xyz_m": [
      46065.965104006755,
      46065.965104006755,
      30000.0
    ],
    "yaw_deg": 0.0,
    "pitch_deg": -90.0,
    "roll_deg": 0.0
  },
  "rover_estimated_xyz_m": [
    46069.113087615,
    46097.73073361571,
    30000.596809295897
  ],
  "position_error_m": 31.92681015364329,
  "match_count": 82,
  "pnp": {
    "rover_world_xyz_m": [
      46069.113087615,
      46097.73073361571,
      30000.596809295897
    ],
    "R_camera_world": [
      [
        0.9999999981049753,
        5.8309513064353474e-05,
        -1.9749669396526792e-05
      ],
      [
        5.830869282420162e-05,
        -0.9999999974376831,
        -4.152987193519426e-05
      ],
      [
        -1.9752090932532042e-05,
        4.1528720279087926e-05,
        -0.9999999989426102
      ]
    ],
    "tvec_camera": [
      -46071.208434676686,
      46096.29030667847,
      29999.59235911932
    ],
    "pnp_inliers": 11,
    "pnp_correspondences": 82,
    "inlier_median_reproj_px": 0.09601929175636727
  }
}
