{
  "target": "apollo11",
  "target_lat_lon_deg": [
    0.674,
    23.473
  ],
  "wac": {
    "zoom": 5,
    "tile_radius": 1,
    "mosaic_shape": [
      768,
      768
    ],
    "bbox_lat": [
      -5.625,
      11.25
    ],
    "bbox_lon": [
      16.875,
      33.75
    ],
    "px_to_m": 665.8832707548395
  },
  "ldem": {
    "ppd": 4,
    "cropped_shape": [
      67,
      67
    ],
    "raw_elevation_range_m": [
      -3807.0,
      1384.5
    ],
    "relief_after_resample_m": 5156.384765625
  },
  "rover_intrinsics": {
    "fx": 520.0,
    "fy": 520.0,
    "cx": 320.0,
    "cy": 240.0,
    "width": 640,
    "height": 480
  },
  "rover_truth": {
    "xyz_m": [
      255699.17596985836,
      255699.17596985836,
      400000.0
    ],
    "yaw_deg": 0.0,
    "pitch_deg": -90.0,
    "roll_deg": 0.0
  },
  "rover_estimated_xyz_m": [
    254885.6484762496,
    254587.02215132324,
    399887.5292939418
  ],
  "position_error_m": 1382.5204369776413,
  "match_count": 79,
  "pnp": {
    "rover_world_xyz_m": [
      254885.6484762496,
      254587.02215132324,
      399887.5292939418
    ],
    "R_camera_world": [
      [
        0.9999979347900213,
        -0.0009547987618981263,
        0.0017940944836539877
      ],
      [
        -0.0009488325663831652,
        -0.9999940274230145,
        -0.0033233770565920364
      ],
      [
        0.0017972569245855196,
        0.0033216678978473177,
        -0.9999928681695301
      ]
    ],
    "tvec_camera": [
      -255359.47872070788,
      256156.32245478465,
      398580.92882848595
    ],
    "pnp_inliers": 24,
    "pnp_correspondences": 79,
    "inlier_median_reproj_px": 0.2889846319924294
  }
}
