{
  "ortho_size_px": 800,
  "ortho_px_to_m": 0.5,
  "rover_intrinsics": {
    "fx": 520.0,
    "fy": 520.0,
    "cx": 320.0,
    "cy": 240.0,
    "width": 640,
    "height": 480
  },
  "rover_truth": {
    "xyz_m": [
      200.0,
      200.0,
      100.0
    ],
    "yaw_deg": 0.0,
    "pitch_deg": -90.0,
    "roll_deg": 0.0
  },
  "rover_estimated_xyz_m": [
    197.41826800987008,
    199.99402343226572,
    98.72063366509325
  ],
  "position_error_m": 2.8813458673187506,
  "match_count": 91,
  "pnp": {
    "rover_world_xyz_m": [
      197.41826800987008,
      199.99402343226572,
      98.72063366509325
    ],
    "R_camera_world": [
      [
        0.999643328859532,
        0.000387737628367893,
        0.026703271825097484
      ],
      [
        0.00043053415686076986,
        -0.999998632211939,
        -0.0015969391318916457
      ],
      [
        0.026702616107289447,
        0.0016078662204108585,
        -0.9996421284936144
      ]
    ],
    "tvec_camera": [
      -200.06156373490802,
      200.0664054182866,
      93.09215650541785
    ],
    "pnp_inliers": 21,
    "pnp_correspondences": 91,
    "inlier_median_reproj_px": 1.107505542405437
  },
  "R_world_camera_truth": [
    [
      1.0,
      0.0,
      0.0
    ],
    [
      0.0,
      -1.0,
      6.123233995736766e-17
    ],
    [
      0.0,
      -6.123233995736766e-17,
      -1.0
    ]
  ]
}
