{
  "target": "tycho",
  "target_lat_lon_deg": [
    -43.31,
    -11.36
  ],
  "wac": {
    "zoom": 5,
    "tile_radius": 1,
    "mosaic_shape": [
      768,
      768
    ],
    "bbox_lat": [
      -50.625,
      -33.75
    ],
    "bbox_lon": [
      -22.5,
      -5.625
    ],
    "px_to_m": 579.9844231068143
  },
  "ldem": {
    "ppd": 4,
    "cropped_shape": [
      67,
      68
    ],
    "raw_elevation_range_m": [
      -5147.0,
      1832.5
    ],
    "relief_after_resample_m": 6907.19189453125
  },
  "rover_intrinsics": {
    "fx": 520.0,
    "fy": 520.0,
    "cx": 320.0,
    "cy": 240.0,
    "width": 640,
    "height": 480
  },
  "rover_truth": {
    "xyz_m": [
      222714.0184730167,
      222714.0184730167,
      400000.0
    ],
    "yaw_deg": 0.0,
    "pitch_deg": -90.0,
    "roll_deg": 0.0
  },
  "rover_estimated_xyz_m": [
    222822.12517854074,
    222852.75954945816,
    399965.0181746337
  ],
  "position_error_m": 179.33174336227214,
  "match_count": 113,
  "pnp": {
    "rover_world_xyz_m": [
      222822.12517854074,
      222852.75954945816,
      399965.0181746337
    ],
    "R_camera_world": [
      [
        0.999999929166702,
        -5.2668570170024914e-05,
        -0.00037268299062086967
      ],
      [
        -5.281974845874871e-05,
        -0.9999999163289646,
        -0.00040565026568234203
      ],
      [
        -0.0003726615944186154,
        0.0004056699219706156,
        -0.9999998482776137
      ]
    ],
    "tvec_camera": [
      -222661.31189999403,
      223026.7562276262,
      399957.5900778501
    ],
    "pnp_inliers": 24,
    "pnp_correspondences": 113,
    "inlier_median_reproj_px": 0.10360412538560142
  }
}
